<?xml version="1.0" encoding="UTF-8"?>
<changelog xmlns="http://www.omnigroup.com/namespace/OmniPlan/v2">
  <version>2.1</version>
  <task-change-set user="许滨麟" date="2020-03-06T07:20:45.854Z" timestamp="2020-03-06T07:20:45.854Z">
    <change idref="t2" to="t-1" to-position="1" resolved="yes">
      <change idref="t2" attribute="effort" type="real" from="28800" to="144000"/>
      <change idref="t2" attribute="internalPrerequisitesString" type="string" to="1FS"/>
      <change idref="t2" attribute="noLaterThanConstrainedTaskEnd" type="real" from="1" to="0"/>
      <change idref="t2" attribute="title" type="string" to="愿景探索与研讨"/>
    </change>
    <change idref="t3" to="t-1" to-position="2" resolved="yes">
      <change idref="t3" attribute="effort" type="real" from="28800" to="144000"/>
      <change idref="t3" attribute="internalPrerequisitesString" type="string" to="2FS"/>
      <change idref="t3" attribute="title" type="string" to="项目任务书编制"/>
    </change>
    <change idref="t4" to="t-1" to-position="3" resolved="yes">
      <change idref="t4" attribute="effort" type="real" from="28800" to="0"/>
      <change idref="t4" attribute="isSplittableTask" type="real" from="1" to="0"/>
      <change idref="t4" attribute="noEarlierThanConstraintDate" type="date" to="2020-03-16T05:30:00.000Z"/>
      <change idref="t4" attribute="percentCompleteForMilestone" type="real" to="0"/>
      <change idref="t4" attribute="startLockedDate" type="date" to="2020-03-16T05:30:00.000Z"/>
      <change idref="t4" attribute="taskType" type="real" from="0" to="1"/>
      <change idref="t4" attribute="title" type="string" to="项目任务书审核"/>
    </change>
    <change idref="t5" to="t-1" to-position="4" resolved="yes">
      <change idref="t5" attribute="effort" type="real" from="28800" to="1153800"/>
      <change idref="t5" attribute="internalPrerequisitesString" type="string" to="4FS"/>
      <change idref="t5" attribute="title" type="string" to="项目研发与追踪"/>
    </change>
    <change idref="t6" to="t-1" to-position="5" resolved="yes">
      <change idref="t6" attribute="effort" type="real" from="28800" to="478800"/>
      <change idref="t6" attribute="internalPrerequisitesString" type="string" to="5FS"/>
      <change idref="t6" attribute="title" type="string" to="项目收尾与总结"/>
    </change>
    <change idref="t7" to="t-1" to-position="6" resolved="yes">
      <change idref="t7" attribute="effort" type="real" from="28800" to="0"/>
      <change idref="t7" attribute="isSplittableTask" type="real" from="1" to="0"/>
      <change idref="t7" attribute="noEarlierThanConstraintDate" type="date" to="2020-06-08T05:30:00.000Z"/>
      <change idref="t7" attribute="percentCompleteForMilestone" type="real" to="0"/>
      <change idref="t7" attribute="startLockedDate" type="date" to="2020-06-08T05:30:00.000Z"/>
      <change idref="t7" attribute="taskType" type="real" from="0" to="1"/>
      <change idref="t7" attribute="title" type="string" to="项目评审"/>
    </change>
    <change idref="t8" to="t-1" to-position="7" resolved="yes">
      <change idref="t8" attribute="internalPrerequisitesString" type="string" to="7FS"/>
      <change idref="t8" attribute="title" type="string" to="学期总结与感想"/>
    </change>
    <change idref="t9" to="t-1" to-position="8" resolved="yes">
      <change idref="t9" attribute="internalPrerequisitesString" type="string" to="8FS"/>
      <change idref="t9" attribute="title" type="string" to="学习方向与研讨"/>
    </change>
    <change idref="t10" to="t-1" to-position="9" resolved="yes">
      <change idref="t10" attribute="effort" type="real" from="28800" to="0"/>
      <change idref="t10" attribute="isSplittableTask" type="real" from="1" to="0"/>
      <change idref="t10" attribute="noEarlierThanConstraintDate" type="date" to="2020-06-15T05:30:00.000Z"/>
      <change idref="t10" attribute="percentCompleteForMilestone" type="real" to="0"/>
      <change idref="t10" attribute="startLockedDate" type="date" to="2020-06-15T05:30:00.000Z"/>
      <change idref="t10" attribute="taskType" type="real" from="0" to="1"/>
      <change idref="t10" attribute="title" type="string" to="课程总结"/>
    </change>
    <change idref="t1" attribute="title" type="string" from="Task 1" to="项目启动" resolved="yes"/>
    <change idref="t1" attribute="noLaterThanConstrainedTaskEnd" type="real" from="1" to="0" resolved="yes"/>
    <change idref="t1" attribute="effort" type="real" from="28800" to="144000" resolved="yes"/>
    <change idref="t1" attribute="startLockedDate" type="date" to="2020-02-24T05:30:00.000Z" resolved="yes"/>
  </task-change-set>
  <metadata-change-set user="许滨麟" date="2020-03-06T07:20:45.853Z" timestamp="2020-03-06T07:20:45.853Z">
    <change idref="m1" attribute="fixedDate" type="date" from="2007-01-01T20:00:00.000Z" to="2020-02-24T05:30:00.000Z" resolved="yes"/>
    <change idref="m1" attribute="currencyName" type="string" to="¥1,234.56" resolved="yes"/>
    <change idref="m1" attribute="projectTitle" type="string" to="uxd" resolved="yes"/>
  </metadata-change-set>
</changelog>
