<?xml version="1.0" encoding="UTF-8"?>
<omniplan xmlns="http://www.omnigroup.com/namespace/OmniPlan/v2" xmlns:opnx="http://www.omnigroup.com/namespace/OmniPlan/v2" file-format-version="2">
  <window x="1628" y="-125" w="1539" h="950">
    <editing-scenario>nD7OHquLOhg</editing-scenario>
    <view>task</view>
    <change-tracking/>
    <status-display>basic</status-display>
    <task-view>
      <split-view-divider-position>331</split-view-divider-position>
      <outline x="0" y="0" w="331" h="853">
        <column name="Violations" width="20"/>
        <column name="Notes" width="20"/>
        <column name="Title" width="216"/>
        <column name="Effort" width="70"/>
        <selected-items-at-filter-time idrefs="t9 t4 t10 t7 t2 t5 t8 t3 t6"/>
      </outline>
      <gantt-view x="-25" y="0" w="876" h="853">
        <view-mode>actual</view-mode>
        <dependency-lines/>
        <constraints/>
        <show-project-end/>
        <task-bar-label task-type="group" position="left">
          <key/>
        </task-bar-label>
        <task-bar-label task-type="group" position="center">
          <key/>
        </task-bar-label>
        <task-bar-label task-type="group" position="right">
          <key>Assigned</key>
        </task-bar-label>
        <task-bar-label task-type="milestone" position="left">
          <key/>
        </task-bar-label>
        <task-bar-label task-type="milestone" position="center">
          <key/>
        </task-bar-label>
        <task-bar-label task-type="milestone" position="right">
          <key>Assigned</key>
        </task-bar-label>
        <task-bar-label task-type="task" position="left">
          <key/>
        </task-bar-label>
        <task-bar-label task-type="task" position="center">
          <key/>
        </task-bar-label>
        <task-bar-label task-type="task" position="right">
          <key>Assigned</key>
        </task-bar-label>
        <scale scale-name="Automatic" full-day-width="21.3612">
          <selected/>
        </scale>
        <scale scale-name="Day" full-day-width="1215"/>
        <scale scale-name="Hour" full-day-width="65880"/>
        <scale scale-name="Minute" full-day-width="64800"/>
        <scale scale-name="Month" full-day-width="34.5"/>
        <scale scale-name="Quarter" full-day-width="9.6"/>
        <scale scale-name="Week" full-day-width="162"/>
        <scale scale-name="Year" full-day-width="2.3625"/>
        <offtime-display>none</offtime-display>
      </gantt-view>
    </task-view>
    <resource-view>
      <split-view-divider-position>306</split-view-divider-position>
      <outline x="0" y="0" w="306" h="608">
        <column name="Notes" width="20"/>
        <column name="Type" width="49"/>
        <column name="Resource" width="135"/>
        <column name="#" width="75"/>
      </outline>
      <timeline x="-20" y="0" w="573" h="608">
        <offtime-display>none</offtime-display>
        <show-project-end/>
        <task-bar-label task-type="group" position="left">
          <key>Title</key>
        </task-bar-label>
        <task-bar-label task-type="group" position="center">
          <key/>
        </task-bar-label>
        <task-bar-label task-type="group" position="right">
          <key/>
        </task-bar-label>
        <task-bar-label task-type="milestone" position="left">
          <key>Title</key>
        </task-bar-label>
        <task-bar-label task-type="milestone" position="center">
          <key/>
        </task-bar-label>
        <task-bar-label task-type="milestone" position="right">
          <key>Assigned</key>
        </task-bar-label>
        <task-bar-label task-type="task" position="left">
          <key>Title</key>
        </task-bar-label>
        <task-bar-label task-type="task" position="center">
          <key/>
        </task-bar-label>
        <task-bar-label task-type="task" position="right">
          <key/>
        </task-bar-label>
        <scale scale-name="Automatic" full-day-width="100">
          <selected/>
        </scale>
        <scale scale-name="Day" full-day-width="405"/>
        <scale scale-name="Hour" full-day-width="21960"/>
        <scale scale-name="Minute" full-day-width="21600"/>
        <scale scale-name="Month" full-day-width="11.5"/>
        <scale scale-name="Quarter" full-day-width="3.2"/>
        <scale scale-name="Week" full-day-width="54"/>
        <scale scale-name="Year" full-day-width="0.7875"/>
        <scale scale-name="legacy-day-widths" full-day-width="1"/>
      </timeline>
    </resource-view>
    <calendar>
      <split-view-divider-position>290</split-view-divider-position>
      <outline x="0" y="0" w="290" h="573">
        <column name="Notes" width="20"/>
        <column name="Type" width="49"/>
        <column name="Resource" width="139"/>
        <column name="Custom Work Week" width="20"/>
        <column name="Schedule Exception" width="20"/>
      </outline>
    </calendar>
    <network-view>
      <network-view>
        <task-table-style/>
        <milestone-table-style/>
        <group-table-style/>
      </network-view>
    </network-view>
  </window>
  <project>
    <title>uxd</title>
    <next-task-id>11</next-task-id>
    <next-resource-id>2</next-resource-id>
    <scenario id="nD7OHquLOhg" name="Actual" filename="Actual.xml"/>
    <date-display dates="true" times="true" seconds="false"/>
    <numbering-style>wbs</numbering-style>
    <critical-path-slack>0</critical-path-slack>
    <currency-format>¥1,234.56</currency-format>
    <duration-format hours-per-day="8" hours-per-week="40" hours-per-month="160" hours-per-year="1920" hours="true" days="true" weeks="true"/>
    <effort-format hours-per-day="8" hours-per-week="40" hours-per-month="160" hours-per-year="1920" hours="true" days="true" weeks="true"/>
    <base-style>
      <style/>
    </base-style>
    <column-title-style>
      <style>
        <value key="font-name">HelveticaNeue-Medium</value>
        <value key="font-size">12</value>
        <value key="font-weight">6</value>
        <value key="paragraph-alignment">center</value>
      </style>
    </column-title-style>
    <note-style>
      <style>
        <value key="font-fill">
          <color space="gg22" w="0.409218"/>
        </value>
        <value key="font-size">12</value>
      </style>
    </note-style>
    <standard-task-style>
      <style/>
    </standard-task-style>
    <overdue-task-style>
      <style/>
    </overdue-task-style>
    <completed-task-style>
      <style/>
    </completed-task-style>
    <group-task-style>
      <style/>
    </group-task-style>
    <milestone-task-style>
      <style/>
    </milestone-task-style>
    <resource-style>
      <style/>
    </resource-style>
    <not-editable-style>
      <style>
        <value key="font-fill">
          <color space="gg22" w="0.409218"/>
        </value>
      </style>
    </not-editable-style>
    <subscribe-refresh>0</subscribe-refresh>
    <leveling>
      <constrains-completion-date/>
    </leveling>
    <page-adornment>
      <master-page-headers>
        <header location="left">
          <text>
            <p>
              <run>
                <lit><cell variable="OPDocumentTitleVariableIdentifier"/></lit>
              </run>
            </p>
          </text>
        </header>
        <header location="right">
          <text>
            <p>
              <run>
                <lit><cell variable="OPPrintJobTimestampVariableIdentifier"/></lit>
              </run>
            </p>
          </text>
        </header>
        <footer location="left">
          <text>
            <p>
              <run>
                <lit><cell variable="OPDocumentFilenameVariableIdentifier"/></lit>
              </run>
            </p>
          </text>
        </footer>
        <footer location="right">
          <text>
            <p>
              <run>
                <lit><cell variable="OPPageNumberVariableIdentifier"/></lit>
              </run>
            </p>
          </text>
        </footer>
      </master-page-headers>
    </page-adornment>
    <publishing-client client-identifier="ogCqThSLRKP" document-identifier="2103"/>
  </project>
</omniplan>
