<?xml version="1.0" encoding="UTF-8"?>
<scenario xmlns="http://www.omnigroup.com/namespace/OmniPlan/v2" xmlns:opns="http://www.omnigroup.com/namespace/OmniPlan/v2" id="nD7OHquLOhg">
  <start-date>2020-02-24T05:30:00.000Z</start-date>
  <prototype-task>
    <task id="t-2">
      <title>Task 1</title>
      <effort>28800</effort>
    </task>
  </prototype-task>
  <prototype-task>
    <task id="t-3">
      <title>Milestone 1</title>
      <type>milestone</type>
    </task>
  </prototype-task>
  <prototype-task>
    <task id="t-4">
      <title>Group 1</title>
      <type>group</type>
    </task>
  </prototype-task>
  <prototype-resource>
    <resource id="r-2">
      <name>Resource 1</name>
      <type>Staff</type>
    </resource>
  </prototype-resource>
  <prototype-resource>
    <resource id="r-3">
      <name>Equipment 1</name>
      <type>Equipment</type>
    </resource>
  </prototype-resource>
  <prototype-resource>
    <resource id="r-4">
      <name>Material 1</name>
      <type>Material</type>
      <units-available>0</units-available>
      <efficiency>0</efficiency>
    </resource>
  </prototype-resource>
  <prototype-resource>
    <resource id="r-5">
      <name>Group 1</name>
      <type>Group</type>
    </resource>
  </prototype-resource>
  <top-resource idref="r-1"/>
  <resource id="r-1">
    <name/>
    <type>Group</type>
    <child-resource idref="r1"/>
  </resource>
  <resource id="r1">
    <name>Resource 1</name>
    <type>Staff</type>
  </resource>
  <top-task idref="t-1"/>
  <task id="t-1">
    <type>group</type>
    <child-task idref="t1"/>
    <child-task idref="t2"/>
    <child-task idref="t3"/>
    <child-task idref="t4"/>
    <child-task idref="t5"/>
    <child-task idref="t6"/>
    <child-task idref="t7"/>
    <child-task idref="t8"/>
    <child-task idref="t9"/>
    <child-task idref="t10"/>
  </task>
  <task id="t1">
    <title>项目启动</title>
    <effort>144000</effort>
    <locked-start-date>2020-02-24T05:30:00.000Z</locked-start-date>
  </task>
  <task id="t2">
    <title>愿景探索与研讨</title>
    <effort>144000</effort>
    <prerequisite-task idref="t1"/>
  </task>
  <task id="t3">
    <title>项目任务书编制</title>
    <effort>144000</effort>
    <prerequisite-task idref="t2"/>
  </task>
  <task id="t4">
    <title>项目任务书审核</title>
    <type>milestone</type>
    <locked-start-date>2020-03-16T05:30:00.000Z</locked-start-date>
    <start-constraint-date>2020-03-16T05:30:00.000Z</start-constraint-date>
    <start-no-earlier-than>2020-03-16T05:30:00.000Z</start-no-earlier-than>
  </task>
  <task id="t5">
    <title>项目研发与追踪</title>
    <effort>1153800</effort>
    <prerequisite-task idref="t4"/>
  </task>
  <task id="t6">
    <title>项目收尾与总结</title>
    <effort>478800</effort>
    <prerequisite-task idref="t5"/>
  </task>
  <task id="t7">
    <title>项目评审</title>
    <type>milestone</type>
    <locked-start-date>2020-06-08T05:30:00.000Z</locked-start-date>
    <start-constraint-date>2020-06-08T05:30:00.000Z</start-constraint-date>
    <start-no-earlier-than>2020-06-08T05:30:00.000Z</start-no-earlier-than>
  </task>
  <task id="t8">
    <title>学期总结与感想</title>
    <effort>28800</effort>
    <prerequisite-task idref="t7"/>
  </task>
  <task id="t9">
    <title>学习方向与研讨</title>
    <effort>28800</effort>
    <prerequisite-task idref="t8"/>
  </task>
  <task id="t10">
    <title>课程总结</title>
    <type>milestone</type>
    <locked-start-date>2020-06-15T05:30:00.000Z</locked-start-date>
    <start-constraint-date>2020-06-15T05:30:00.000Z</start-constraint-date>
    <start-no-earlier-than>2020-06-15T05:30:00.000Z</start-no-earlier-than>
  </task>
  <critical-path root="-1" enabled="false" resources="false">
    <color space="srgb" r="1" g="0.5" b="0.5"/>
  </critical-path>
</scenario>
